file,vad_preset,whisper_preset,accuracy_pct,latency_s,hallucination_flags
01_clean.wav,nhay_cao,mac_dinh,97.3,3.4,0
01_clean.wav,nhay_cao,chong_hallucination_manh,97.3,3.58,0
01_clean.wav,nhay_cao,chat_luong_cao_cham_hon,97.3,4.22,0
01_clean.wav,can_bang,mac_dinh,97.3,2.5,0
01_clean.wav,can_bang,chong_hallucination_manh,97.3,2.59,0
01_clean.wav,can_bang,chat_luong_cao_cham_hon,97.3,3.98,0
01_clean.wav,bao_thu,mac_dinh,100.0,3.81,0
01_clean.wav,bao_thu,chong_hallucination_manh,100.0,3.84,0
01_clean.wav,bao_thu,chat_luong_cao_cham_hon,97.3,5.64,0
02_clean.wav,nhay_cao,mac_dinh,4.5,1.97,0
02_clean.wav,nhay_cao,chong_hallucination_manh,4.5,1.98,0
02_clean.wav,nhay_cao,chat_luong_cao_cham_hon,4.5,2.8,0
02_clean.wav,can_bang,mac_dinh,4.5,2.04,0
02_clean.wav,can_bang,chong_hallucination_manh,4.5,2.11,0
02_clean.wav,can_bang,chat_luong_cao_cham_hon,4.5,2.9,0
02_clean.wav,bao_thu,mac_dinh,4.5,2.0,0
02_clean.wav,bao_thu,chong_hallucination_manh,4.5,2.01,0
02_clean.wav,bao_thu,chat_luong_cao_cham_hon,4.5,3.33,0
03_cafe_light.wav,nhay_cao,mac_dinh,0.0,18.16,0
03_cafe_light.wav,nhay_cao,chong_hallucination_manh,0.0,28.77,7
03_cafe_light.wav,nhay_cao,chat_luong_cao_cham_hon,0.0,4.89,0
03_cafe_light.wav,can_bang,mac_dinh,0.0,31.86,10
03_cafe_light.wav,can_bang,chong_hallucination_manh,0.0,19.57,0
03_cafe_light.wav,can_bang,chat_luong_cao_cham_hon,0.0,6.28,0
03_cafe_light.wav,bao_thu,mac_dinh,0.0,40.46,0
03_cafe_light.wav,bao_thu,chong_hallucination_manh,0.0,39.61,0
03_cafe_light.wav,bao_thu,chat_luong_cao_cham_hon,0.0,6.9,0
04_cafe_medium.wav,nhay_cao,mac_dinh,3.4,2.99,0
04_cafe_medium.wav,nhay_cao,chong_hallucination_manh,3.4,2.99,0
04_cafe_medium.wav,nhay_cao,chat_luong_cao_cham_hon,0.0,4.35,0
04_cafe_medium.wav,can_bang,mac_dinh,3.4,2.81,0
04_cafe_medium.wav,can_bang,chong_hallucination_manh,3.4,2.78,0
04_cafe_medium.wav,can_bang,chat_luong_cao_cham_hon,0.0,4.26,0
04_cafe_medium.wav,bao_thu,mac_dinh,3.4,2.82,0
04_cafe_medium.wav,bao_thu,chong_hallucination_manh,3.4,2.73,0
04_cafe_medium.wav,bao_thu,chat_luong_cao_cham_hon,0.0,4.03,0
05_cafe_heavy.wav,nhay_cao,mac_dinh,0.0,33.39,6
05_cafe_heavy.wav,nhay_cao,chong_hallucination_manh,1.3,66.65,9
05_cafe_heavy.wav,nhay_cao,chat_luong_cao_cham_hon,0.0,40.02,9
05_cafe_heavy.wav,can_bang,mac_dinh,0.0,31.29,6
05_cafe_heavy.wav,can_bang,chong_hallucination_manh,0.0,32.72,6
05_cafe_heavy.wav,can_bang,chat_luong_cao_cham_hon,2.7,41.17,8
05_cafe_heavy.wav,bao_thu,mac_dinh,0.0,34.09,0
05_cafe_heavy.wav,bao_thu,chong_hallucination_manh,1.3,58.48,7
05_cafe_heavy.wav,bao_thu,chat_luong_cao_cham_hon,0.0,69.27,7
06_office_light.wav,nhay_cao,mac_dinh,3.6,3.3,0
06_office_light.wav,nhay_cao,chong_hallucination_manh,3.6,3.0,0
06_office_light.wav,nhay_cao,chat_luong_cao_cham_hon,0.0,4.38,0
06_office_light.wav,can_bang,mac_dinh,3.6,2.96,0
06_office_light.wav,can_bang,chong_hallucination_manh,3.6,6.52,0
06_office_light.wav,can_bang,chat_luong_cao_cham_hon,0.0,4.58,0
06_office_light.wav,bao_thu,mac_dinh,5.4,2.89,0
06_office_light.wav,bao_thu,chong_hallucination_manh,5.4,2.87,0
06_office_light.wav,bao_thu,chat_luong_cao_cham_hon,3.6,4.11,0
07_office_medium.wav,nhay_cao,mac_dinh,84.1,3.53,0
07_office_medium.wav,nhay_cao,chong_hallucination_manh,84.1,3.9,0
07_office_medium.wav,nhay_cao,chat_luong_cao_cham_hon,82.6,5.46,0
07_office_medium.wav,can_bang,mac_dinh,84.1,3.48,0
07_office_medium.wav,can_bang,chong_hallucination_manh,84.1,3.46,0
07_office_medium.wav,can_bang,chat_luong_cao_cham_hon,82.6,5.27,0
07_office_medium.wav,bao_thu,mac_dinh,79.7,3.51,0
07_office_medium.wav,bao_thu,chong_hallucination_manh,79.7,3.53,0
07_office_medium.wav,bao_thu,chat_luong_cao_cham_hon,79.7,5.59,0
08_office_heavy.wav,nhay_cao,mac_dinh,98.1,2.83,0
08_office_heavy.wav,nhay_cao,chong_hallucination_manh,98.1,2.82,0
08_office_heavy.wav,nhay_cao,chat_luong_cao_cham_hon,98.1,3.97,0
08_office_heavy.wav,can_bang,mac_dinh,98.1,2.78,0
08_office_heavy.wav,can_bang,chong_hallucination_manh,98.1,2.76,0
08_office_heavy.wav,can_bang,chat_luong_cao_cham_hon,98.1,3.87,0
08_office_heavy.wav,bao_thu,mac_dinh,98.1,2.75,0
08_office_heavy.wav,bao_thu,chong_hallucination_manh,98.1,2.74,0
08_office_heavy.wav,bao_thu,chat_luong_cao_cham_hon,98.1,3.91,0
09_street_light.wav,nhay_cao,mac_dinh,91.0,3.68,0
09_street_light.wav,nhay_cao,chong_hallucination_manh,91.0,3.73,0
09_street_light.wav,nhay_cao,chat_luong_cao_cham_hon,91.0,5.87,0
09_street_light.wav,can_bang,mac_dinh,91.0,3.77,0
09_street_light.wav,can_bang,chong_hallucination_manh,91.0,3.88,0
09_street_light.wav,can_bang,chat_luong_cao_cham_hon,91.0,6.12,0
09_street_light.wav,bao_thu,mac_dinh,92.3,3.84,0
09_street_light.wav,bao_thu,chong_hallucination_manh,92.3,3.75,0
09_street_light.wav,bao_thu,chat_luong_cao_cham_hon,92.3,6.08,0
10_street_medium.wav,nhay_cao,mac_dinh,100.0,2.94,0
10_street_medium.wav,nhay_cao,chong_hallucination_manh,100.0,2.81,0
10_street_medium.wav,nhay_cao,chat_luong_cao_cham_hon,98.3,4.02,0
10_street_medium.wav,can_bang,mac_dinh,100.0,3.05,0
10_street_medium.wav,can_bang,chong_hallucination_manh,100.0,2.87,0
10_street_medium.wav,can_bang,chat_luong_cao_cham_hon,100.0,4.03,0
10_street_medium.wav,bao_thu,mac_dinh,100.0,2.87,0
10_street_medium.wav,bao_thu,chong_hallucination_manh,100.0,2.89,0
10_street_medium.wav,bao_thu,chat_luong_cao_cham_hon,100.0,4.31,0
